<status>
  <objects>
    <warnings/>
    <summary>
      <totalimportedcount>21</totalimportedcount>
      <warningcount>0</warningcount>
    </summary>
  </objects>
  <files>
    <warnings>
      <warning>
        <displayid>23767</displayid>
        <message>The file is locked and will not be included in your project.</message>
      </warning>
    </warnings>
    <summary>
      <totalimportedcount>18</totalimportedcount>
      <warningcount>1</warningcount>
      <generalwarning>The imported bundle contains one or more files or folders outside of the /SuiteScripts, /Web Site Hosting Files, /Templates/E-mail Templates, and /Templates/Marketing Templates folders. All components must be moved into one of those folders to deploy the imported bundle.</generalwarning>
    </summary>
  </files>
  <translations/>
  <summary>Conversion finished successfully.</summary>
</status>