<restlet scriptid="customscript_get_url_of_trx_restlet">
  <description></description>
  <isinactive>F</isinactive>
  <name>TRx Requisition Get URL Restlet</name>
  <notifyadmins>F</notifyadmins>
  <notifyemails></notifyemails>
  <notifyowner>T</notifyowner>
  <notifyuser>F</notifyuser>
  <scriptfile>[/SuiteScripts/TRx_Requisition/trx_get_all_the_restlet_url.js]</scriptfile>
  <scriptdeployments>
    <scriptdeployment scriptid="customdeploy_get_url_of_trx_restlet">
      <allemployees>F</allemployees>
      <allpartners>F</allpartners>
      <allroles>T</allroles>
      <audslctrole></audslctrole>
      <isdeployed>T</isdeployed>
      <loglevel>DEBUG</loglevel>
      <status>RELEASED</status>
      <title>TRx Requisition Get URL Restlet</title>
    </scriptdeployment>
  </scriptdeployments>
</restlet>