<entryForm scriptid="custform_608_t1973787_195" standard="STANDARDCUSTOMRECORD_TRX_CONFIGRATOINFORM">
  <name>Custom TRx Configuration Record Form</name>
  <recordType>[scriptid=customrecord_trx_configratoin]</recordType>
  <inactive>F</inactive>
  <preferred>T</preferred>
  <storedWithRecord>F</storedWithRecord>
  <mainFields>
    <fieldGroup scriptid="fieldgroup_2_t1973787_901">
      <label>Note</label>
      <visible>T</visible>
      <showTitle>T</showTitle>
      <singleColumn>T</singleColumn>
    </fieldGroup>
    <fieldGroup scriptid="fieldgroup_3_t1973787_723">
      <label>Primary Information</label>
      <visible>T</visible>
      <showTitle>T</showTitle>
      <singleColumn>F</singleColumn>
      <fields position="MIDDLE">
        <field>
          <id>[scriptid=customrecord_trx_configratoin.custrecord_alert]</id>
          <label> Alert</label>
          <visible>T</visible>
          <mandatory>F</mandatory>
          <displayType>NORMAL</displayType>
          <columnBreak>F</columnBreak>
          <sameRowAsPrevious>F</sameRowAsPrevious>
        </field>
        <field>
          <id>ISINACTIVE</id>
          <label>Inactive</label>
          <visible>F</visible>
          <mandatory>F</mandatory>
          <displayType>NORMAL</displayType>
          <columnBreak>F</columnBreak>
          <sameRowAsPrevious>F</sameRowAsPrevious>
        </field>
        <field>
          <id>[scriptid=customrecord_trx_configratoin.custrecord_created_by]</id>
          <label>Created By</label>
          <visible>T</visible>
          <mandatory>F</mandatory>
          <displayType>NORMAL</displayType>
          <columnBreak>F</columnBreak>
          <sameRowAsPrevious>F</sameRowAsPrevious>
        </field>
        <field>
          <id>[scriptid=customrecord_trx_configratoin.custrecord_date1]</id>
          <label>Date Created</label>
          <visible>T</visible>
          <mandatory>F</mandatory>
          <displayType>NORMAL</displayType>
          <columnBreak>T</columnBreak>
          <sameRowAsPrevious>F</sameRowAsPrevious>
        </field>
        <field>
          <id>[scriptid=customrecord_trx_configratoin.custrecord_requisition_manual]</id>
          <label>E-Requisition Configuration Manual</label>
          <visible>T</visible>
          <mandatory>F</mandatory>
          <displayType>NORMAL</displayType>
          <columnBreak>F</columnBreak>
          <sameRowAsPrevious>F</sameRowAsPrevious>
        </field>
      </fields>
    </fieldGroup>
    <fieldGroup scriptid="fieldgroup_4_t1973787_956">
      <label>eRequisition Credentials</label>
      <visible>T</visible>
      <showTitle>T</showTitle>
      <singleColumn>F</singleColumn>
      <fields position="MIDDLE">
        <field>
          <id>[scriptid=customrecord_trx_configratoin.custrecord_compant_name]</id>
          <label>Company Name</label>
          <visible>T</visible>
          <mandatory>F</mandatory>
          <displayType>NORMAL</displayType>
          <columnBreak>F</columnBreak>
          <sameRowAsPrevious>F</sameRowAsPrevious>
        </field>
        <field>
          <id>[scriptid=customrecord_trx_configratoin.custrecord_e_requisition_email]</id>
          <label>e-Requisition Email</label>
          <visible>T</visible>
          <mandatory>T</mandatory>
          <displayType>NORMAL</displayType>
          <columnBreak>F</columnBreak>
          <sameRowAsPrevious>F</sameRowAsPrevious>
        </field>
        <field>
          <id>[scriptid=customrecord_trx_configratoin.custrecord_erequisition__user_pass]</id>
          <label>e-Requisition User Password</label>
          <visible>T</visible>
          <mandatory>T</mandatory>
          <displayType>NORMAL</displayType>
          <columnBreak>F</columnBreak>
          <sameRowAsPrevious>F</sameRowAsPrevious>
        </field>
      </fields>
    </fieldGroup>
    <fieldGroup scriptid="fieldgroup_5_t1973787_585">
      <label>NetSuite Keys</label>
      <visible>T</visible>
      <showTitle>T</showTitle>
      <singleColumn>F</singleColumn>
      <fields position="MIDDLE">
        <field>
          <id>[scriptid=customrecord_trx_configratoin.custrecord_consumer_key]</id>
          <label>Consumer Key  </label>
          <visible>T</visible>
          <mandatory>T</mandatory>
          <displayType>NORMAL</displayType>
          <columnBreak>F</columnBreak>
          <sameRowAsPrevious>F</sameRowAsPrevious>
        </field>
        <field>
          <id>[scriptid=customrecord_trx_configratoin.custrecord_consumer_secret]</id>
          <label>Consumer Secret </label>
          <visible>T</visible>
          <mandatory>T</mandatory>
          <displayType>NORMAL</displayType>
          <columnBreak>F</columnBreak>
          <sameRowAsPrevious>F</sameRowAsPrevious>
        </field>
        <field>
          <id>[scriptid=customrecord_trx_configratoin.custrecord_integration_record]</id>
          <label>Integration Record</label>
          <visible>T</visible>
          <mandatory>F</mandatory>
          <displayType>NORMAL</displayType>
          <columnBreak>F</columnBreak>
          <sameRowAsPrevious>F</sameRowAsPrevious>
        </field>
        <field>
          <id>[scriptid=customrecord_trx_configratoin.custrecord_access_token]</id>
          <label>Token ID</label>
          <visible>T</visible>
          <mandatory>T</mandatory>
          <displayType>NORMAL</displayType>
          <columnBreak>F</columnBreak>
          <sameRowAsPrevious>F</sameRowAsPrevious>
        </field>
        <field>
          <id>[scriptid=customrecord_trx_configratoin.custrecord_token_secret]</id>
          <label>Token Secret </label>
          <visible>T</visible>
          <mandatory>T</mandatory>
          <displayType>NORMAL</displayType>
          <columnBreak>F</columnBreak>
          <sameRowAsPrevious>F</sameRowAsPrevious>
        </field>
        <field>
          <id>[scriptid=customrecord_trx_configratoin.custrecord_access_token_record]</id>
          <label>Access Token Record</label>
          <visible>T</visible>
          <mandatory>F</mandatory>
          <displayType>NORMAL</displayType>
          <columnBreak>F</columnBreak>
          <sameRowAsPrevious>F</sameRowAsPrevious>
        </field>
      </fields>
    </fieldGroup>
    <fieldGroup scriptid="fieldgroup_6_t1973787_522">
      <label>eRequisition Link</label>
      <visible>T</visible>
      <showTitle>T</showTitle>
      <singleColumn>T</singleColumn>
      <fields position="MIDDLE">
        <field>
          <id>[scriptid=customrecord_trx_configratoin.custrecord_trx_link]</id>
          <label>TRx Link</label>
          <visible>T</visible>
          <mandatory>F</mandatory>
          <displayType>NORMAL</displayType>
          <columnBreak>F</columnBreak>
          <sameRowAsPrevious>F</sameRowAsPrevious>
        </field>
      </fields>
    </fieldGroup>
    <defaultFieldGroup>
      <fields position="MIDDLE">
        <field>
          <id>CUSTOMFORM</id>
          <label>Custom Form</label>
          <visible>F</visible>
          <mandatory>T</mandatory>
          <displayType>NORMAL</displayType>
          <columnBreak>F</columnBreak>
          <sameRowAsPrevious>F</sameRowAsPrevious>
        </field>
        <field>
          <id>NAME</id>
          <label>Name</label>
          <visible>T</visible>
          <mandatory>T</mandatory>
          <displayType>NORMAL</displayType>
          <columnBreak>F</columnBreak>
          <sameRowAsPrevious>F</sameRowAsPrevious>
        </field>
        <field>
          <id>RECORDID</id>
          <label>ID</label>
          <visible>T</visible>
          <mandatory>T</mandatory>
          <displayType>NORMAL</displayType>
          <columnBreak>F</columnBreak>
          <sameRowAsPrevious>F</sameRowAsPrevious>
        </field>
        <field>
          <id>OWNER</id>
          <label>Owner</label>
          <visible>T</visible>
          <mandatory>T</mandatory>
          <displayType>NORMAL</displayType>
          <columnBreak>F</columnBreak>
          <sameRowAsPrevious>F</sameRowAsPrevious>
        </field>
        <field>
          <id>CREATED</id>
          <label>Date Created</label>
          <visible>T</visible>
          <mandatory>T</mandatory>
          <displayType>NORMAL</displayType>
          <columnBreak>F</columnBreak>
          <sameRowAsPrevious>F</sameRowAsPrevious>
        </field>
        <field>
          <id>LASTMODIFIED</id>
          <label>Last Modified</label>
          <visible>T</visible>
          <mandatory>T</mandatory>
          <displayType>NORMAL</displayType>
          <columnBreak>F</columnBreak>
          <sameRowAsPrevious>F</sameRowAsPrevious>
        </field>
        <field>
          <id>PARENT</id>
          <label>Parent</label>
          <visible>T</visible>
          <mandatory>F</mandatory>
          <displayType>NORMAL</displayType>
          <columnBreak>F</columnBreak>
          <sameRowAsPrevious>F</sameRowAsPrevious>
        </field>
      </fields>
    </defaultFieldGroup>
  </mainFields>
  <tabs>
    <tab>
      <id>RECORDNOTES</id>
      <label>Notes</label>
      <visible>T</visible>
      <fieldGroups>
        <defaultFieldGroup/>
      </fieldGroups>
      <subItems>
        <subList>
          <id>RECORDUSERNOTES</id>
          <label>User Notes</label>
          <visible>T</visible>
          <neverEmpty>F</neverEmpty>
        </subList>
        <subList>
          <id>RECORDSYSTEMNOTES</id>
          <label>System Notes</label>
          <visible>T</visible>
          <neverEmpty>F</neverEmpty>
        </subList>
      </subItems>
    </tab>
    <tab>
      <id>RECORDWORKFLOW</id>
      <label>Workflow</label>
      <visible>F</visible>
      <fieldGroups>
        <defaultFieldGroup/>
      </fieldGroups>
      <subItems>
        <subList>
          <id>RECORDACTIVEWORKFLOWS</id>
          <label>Active Workflows</label>
          <visible>T</visible>
          <neverEmpty>F</neverEmpty>
        </subList>
        <subList>
          <id>RECORDWORKFLOWHISTORY</id>
          <label>Workflow History</label>
          <visible>T</visible>
          <neverEmpty>F</neverEmpty>
        </subList>
      </subItems>
    </tab>
    <tab>
      <id>RECORDTRANSLATION</id>
      <label>Translation</label>
      <visible>F</visible>
      <fieldGroups>
        <defaultFieldGroup/>
      </fieldGroups>
      <subItems>
        <subList>
          <id>RECORDTRANSLATIONS</id>
          <label>Translation</label>
          <visible>T</visible>
          <neverEmpty>F</neverEmpty>
        </subList>
      </subItems>
    </tab>
    <tab>
      <id>RECORDCUSTOM</id>
      <label>Custom</label>
      <visible>F</visible>
      <fieldGroups>
        <defaultFieldGroup/>
      </fieldGroups>
      <subItems/>
    </tab>
  </tabs>
  <actionbar>
    <menu>
      <menuitem>
        <id>DELETE</id>
        <label>Delete</label>
        <visible>T</visible>
      </menuitem>
      <menuitem>
        <id>MAKECOPY</id>
        <label>Make Copy</label>
        <visible>T</visible>
      </menuitem>
      <menuitem>
        <id>NEW</id>
        <label>New</label>
        <visible>T</visible>
      </menuitem>
      <menuitem>
        <id>PRINT</id>
        <label>Print</label>
        <visible>T</visible>
      </menuitem>
      <menuitem>
        <id>SUBMITCOPY</id>
        <label>Save &amp; Copy</label>
        <visible>T</visible>
      </menuitem>
      <menuitem>
        <id>SUBMITNEW</id>
        <label>Save &amp; New</label>
        <visible>T</visible>
      </menuitem>
      <menuitem>
        <id>SUBMITNEXT</id>
        <label>Save &amp; Next</label>
        <visible>T</visible>
      </menuitem>
      <menuitem>
        <id>SUBMITAS</id>
        <label>Save As</label>
        <visible>T</visible>
      </menuitem>
    </menu>
  </actionbar>
  <editingInList>T</editingInList>
</entryForm>
