<restlet scriptid="customscript_get_po_for_req_manage">
  <description></description>
  <isinactive>F</isinactive>
  <name>TRx Requisition Manage PO Restlet</name>
  <notifyadmins>F</notifyadmins>
  <notifyemails></notifyemails>
  <notifyowner>T</notifyowner>
  <notifyuser>F</notifyuser>
  <scriptfile>[/SuiteScripts/TRx_Requisition/trx_requisi_get_create_purchase_order_restlet.js]</scriptfile>
  <scriptdeployments>
    <scriptdeployment scriptid="customdeploy_get_po_for_req_manage">
      <allemployees>T</allemployees>
      <allpartners>F</allpartners>
      <allroles>T</allroles>
      <audslctrole></audslctrole>
      <isdeployed>T</isdeployed>
      <loglevel>DEBUG</loglevel>
      <status>RELEASED</status>
      <title>TRx Requisition Manage PO Restlet</title>
    </scriptdeployment>
  </scriptdeployments>
</restlet>