<restlet scriptid="customscript_trx_req_mana_terms_restlet">
  <description></description>
  <isinactive>F</isinactive>
  <name>TRx Requisition Manage Terms Restlet</name>
  <notifyadmins>F</notifyadmins>
  <notifyemails></notifyemails>
  <notifyowner>T</notifyowner>
  <notifyuser>F</notifyuser>
  <scriptfile>[/SuiteScripts/TRx_Requisition/trx_requisi_get_terms_restlet.js]</scriptfile>
  <scriptdeployments>
    <scriptdeployment scriptid="customdeploy_trx_req_mana_terms_restlet">
      <allemployees>F</allemployees>
      <allpartners>F</allpartners>
      <allroles>T</allroles>
      <audslctrole></audslctrole>
      <isdeployed>T</isdeployed>
      <loglevel>DEBUG</loglevel>
      <status>RELEASED</status>
      <title>TRx Requisition Manage Terms Restlet</title>
    </scriptdeployment>
  </scriptdeployments>
</restlet>