<restlet scriptid="customscript_get_customer_adr_trx_restle">
  <description></description>
  <isinactive>F</isinactive>
  <name>TRx Requisition Get Customer Adr Restlet</name>
  <notifyadmins>F</notifyadmins>
  <notifyemails></notifyemails>
  <notifyowner>T</notifyowner>
  <notifyuser>F</notifyuser>
  <scriptfile>[/SuiteScripts/TRx_Requisition/trx_requisi_get_customer_address_restlet.js]</scriptfile>
  <scriptdeployments>
    <scriptdeployment scriptid="customdeploy_get_cust_adr_of_trx_restlet">
      <allemployees>T</allemployees>
      <allpartners>F</allpartners>
      <allroles>T</allroles>
      <audslctrole></audslctrole>
      <isdeployed>T</isdeployed>
      <loglevel>DEBUG</loglevel>
      <status>TESTING</status>
      <title>TRx Requisition Get Customer Adr Restlet</title>
    </scriptdeployment>
  </scriptdeployments>
</restlet>